symbol,entry_time,entry_price,pnl_pct,exit_candles,exit_reason,range_position,distribution_score,entry_reason
BTC/USDT,223,90462.78,0.0,30,TIMEOUT_LOSS,0.8937719378861642,60,"upper_zone(0.89),near_top"
BTC/USDT,227,98886.58,0.04057830445749057,30,TIMEOUT_PROFIT,0.9784322199961177,60,"upper_zone(0.98),near_top"
BTC/USDT,231,91956.47,0.0,30,TIMEOUT_LOSS,0.6966542204568026,40,upper_zone(0.70)
BTC/USDT,235,96416.45,0.04071658026197811,30,TIMEOUT_PROFIT,0.8361047753137961,60,"upper_zone(0.84),near_top"
BTC/USDT,239,98573.35,0.015470376881784039,30,TIMEOUT_PROFIT,0.9186034446980708,60,"upper_zone(0.92),near_top"
BTC/USDT,243,101112.48,0.0433696315232303,30,TIMEOUT_PROFIT,0.7722531071337565,60,"upper_zone(0.77),near_top"
BTC/USDT,247,100001.68,0.05288307156439773,30,TIMEOUT_PROFIT,0.6828719195484667,60,"upper_zone(0.68),near_top"
BTC/USDT,251,106061.34,0.08808820442962537,30,TIMEOUT_PROFIT,0.8977019792385584,60,"upper_zone(0.90),near_top"
BTC/USDT,272,102222.38,0.06495220762811435,30,TIMEOUT_PROFIT,0.7145205888947018,60,"upper_zone(0.71),near_top"
BTC/USDT,281,100508.73,0.03491499320506783,30,TIMEOUT_PROFIT,0.8362188057286984,70,"upper_zone(0.84),near_top,vol_spike"
BTC/USDT,285,101337.81,0.065491427878696,30,TIMEOUT_PROFIT,0.7042318692561115,40,upper_zone(0.70)
BTC/USDT,289,103906.68,0.0730229326930665,30,TIMEOUT_PROFIT,0.7112070544017729,50,"upper_zone(0.71),vol_spike"
BTC/USDT,293,102069.33,0.1187598884993171,30,TIMEOUT_PROFIT,0.6226728665735075,40,upper_zone(0.62)
BTC/USDT,297,102427.07,0.125,28,TP4_HIT,0.6399108562617456,40,upper_zone(0.64)
BTC/USDT,317,98305.43,0.125,8,TP4_HIT,0.6134874443024417,60,"upper_zone(0.61),near_top"
BTC/USDT,327,94287.51,0.09919517176771345,30,TIMEOUT_PROFIT,0.7548247028932437,40,upper_zone(0.75)
BTC/USDT,349,87491.1,0.002116972469199764,30,TIMEOUT_PROFIT,0.6716680365392463,40,upper_zone(0.67)
BTC/USDT,353,84421.3,0.037500000000000006,30,TIMEOUT_LOSS,0.642785618842193,50,"upper_zone(0.64),rsi_bear"
BTC/USDT,367,83418.3,0.0,30,TIMEOUT_LOSS,0.6248152170105442,40,upper_zone(0.62)
BTC/USDT,371,83645.8,0.0,30,TIMEOUT_LOSS,0.6520186213632383,40,upper_zone(0.65)
BTC/USDT,375,85086.8,0.0,30,TIMEOUT_LOSS,0.754749802165839,80,"upper_zone(0.75),near_top,ema_bear"
BTC/USDT,379,93682.5,0.0,30,TIMEOUT_LOSS,0.9483986117016544,60,"upper_zone(0.95),near_top"
BTC/USDT,383,93741.6,0.0,30,TIMEOUT_LOSS,0.9036535468173851,60,"upper_zone(0.90),near_top"
BTC/USDT,387,96477.3,0.0,30,TIMEOUT_LOSS,0.9347984947719964,60,"upper_zone(0.93),near_top"
BTC/USDT,391,94742.1,0.0,30,TIMEOUT_LOSS,0.7868074520725746,60,"upper_zone(0.79),near_top"
BTC/USDT,395,102978.1,0.0,30,TIMEOUT_LOSS,0.9323979654279408,60,"upper_zone(0.93),near_top"
BTC/USDT,399,104123.6,0.0,30,TIMEOUT_LOSS,0.8784298511673838,60,"upper_zone(0.88),near_top"
BTC/USDT,403,103130.1,0.0,30,TIMEOUT_LOSS,0.7917544895034146,60,"upper_zone(0.79),near_top"
BTC/USDT,407,109640.0,0.05589109813936517,30,TIMEOUT_PROFIT,0.9350000000000002,70,"upper_zone(0.94),near_top,vol_spike"
BTC/USDT,411,109001.3,0.032546779258596004,30,TIMEOUT_PROFIT,0.8389138763951359,60,"upper_zone(0.84),near_top"
BTC/USDT,426,110271.9,0.03303648753671603,30,TIMEOUT_PROFIT,0.8510517192310673,60,"upper_zone(0.85),near_top"
BTC/USDT,433,106799.9,0.0125,30,TIMEOUT_LOSS,0.6232837333489241,60,"upper_zone(0.62),near_top"
BTC/USDT,441,106087.8,0.0,30,TIMEOUT_LOSS,0.6331701375812309,60,"upper_zone(0.63),near_top"
BTC/USDT,445,107291.6,0.0,30,TIMEOUT_LOSS,0.7296292438240696,60,"upper_zone(0.73),near_top"
BTC/USDT,449,108839.9,0.0,30,TIMEOUT_LOSS,0.9216183251009935,60,"upper_zone(0.92),near_top"
BTC/USDT,453,109205.1,0.0,30,TIMEOUT_LOSS,0.8933351709377461,60,"upper_zone(0.89),near_top"
BTC/USDT,457,116014.3,0.0,30,TIMEOUT_LOSS,0.9234881251456843,70,"upper_zone(0.92),near_top,vol_spike"
BTC/USDT,461,119844.5,0.0125,30,TIMEOUT_LOSS,0.8119128643957667,70,"upper_zone(0.81),near_top,vol_spike"
BTC/USDT,465,117933.9,0.015801213645949073,30,TIMEOUT_PROFIT,0.7067047719738767,60,"upper_zone(0.71),near_top"
BTC/USDT,469,119950.5,0.05902481648680076,30,TIMEOUT_PROFIT,0.7932174162954448,60,"upper_zone(0.79),near_top"
BTC/USDT,473,117909.0,0.062068735211052606,30,TIMEOUT_PROFIT,0.6618707308905023,60,"upper_zone(0.66),near_top"
BTC/USDT,485,117456.7,0.05889773635731298,30,TIMEOUT_PROFIT,0.6658975375851746,60,"upper_zone(0.67),near_top"
BTC/USDT,489,118698.6,0.042532578311791414,30,TIMEOUT_PROFIT,0.6538176069710734,60,"upper_zone(0.65),near_top"
BTC/USDT,519,113945.5,0.04279595288975868,30,TIMEOUT_PROFIT,0.6588728485814659,60,"upper_zone(0.66),near_top"
BTC/USDT,523,115272.6,0.047190941299146597,30,TIMEOUT_PROFIT,0.852043417307448,60,"upper_zone(0.85),near_top"
BTC/USDT,527,117085.4,0.07983448406035254,30,TIMEOUT_PROFIT,0.922497561341637,60,"upper_zone(0.92),near_top"
BTC/USDT,538,114305.6,0.056219555297378265,30,TIMEOUT_PROFIT,0.6122389728811383,60,"upper_zone(0.61),near_top"
BTC/USDT,542,122223.8,0.09889857785472227,30,TIMEOUT_PROFIT,0.8903591682419663,70,"upper_zone(0.89),near_top,vol_spike"
BTC/USDT,546,121344.8,0.11619995253195854,30,TIMEOUT_PROFIT,0.7241349894219616,60,"upper_zone(0.72),near_top"
BTC/USDT,603,93430.3,0.04010212693312555,30,TIMEOUT_PROFIT,0.6650338268253746,70,"upper_zone(0.67),ema_bear,rsi_bear"
BTC/USDT,607,90384.3,0.0125,30,TIMEOUT_LOSS,0.7200674037722468,90,"upper_zone(0.72),near_top,ema_bear,rsi_bear"
BTC/USDT,611,92517.8,0.028738226589910314,30,TIMEOUT_PROFIT,0.812148177503175,90,"upper_zone(0.81),near_top,ema_bear,rsi_bear"
BTC/USDT,632,88848.2,0.09439760737977809,30,TIMEOUT_PROFIT,0.7105212136879182,90,"upper_zone(0.71),near_top,ema_bear,rsi_bear"
BTC/USDT,636,93862.9,0.125,28,TP4_HIT,0.9117450477066881,90,"upper_zone(0.91),near_top,ema_bear,vol_spike"
BTC/USDT,644,95412.8,0.125,18,TP4_HIT,0.8806147047006839,80,"upper_zone(0.88),near_top,ema_bear"
BTC/USDT,648,95144.0,0.125,14,TP4_HIT,0.7481962740945477,60,"upper_zone(0.75),near_top"
BTC/USDT,687,67983.9,0.029883159836372995,30,TIMEOUT_PROFIT,0.6507482394366191,80,"upper_zone(0.65),ema_bear,rsi_bear,vol_spike"
BTC/USDT,692,68830.8,0.0372275202380331,27,END_OF_DATA,0.7471351185488544,90,"upper_zone(0.75),near_top,ema_bear,rsi_bear"
BTC/USDT,700,69944.6,0.05191905450885427,19,END_OF_DATA,0.6445510350738973,60,"upper_zone(0.64),ema_bear"
BTC/USDT,704,71211.3,0.06455880246533915,15,END_OF_DATA,0.7542229802855439,80,"upper_zone(0.75),near_top,ema_bear"
BTC/USDT,708,71248.4,0.06492222983252958,11,END_OF_DATA,0.6325351203467457,60,"upper_zone(0.63),ema_bear"
ETH/USDT,220,3089.5,0.0,30,TIMEOUT_LOSS,0.6738033873343151,40,upper_zone(0.67)
ETH/USDT,224,3107.33,0.0,30,TIMEOUT_LOSS,0.6902153902798231,40,upper_zone(0.69)
ETH/USDT,228,3394.01,0.006204349722010297,30,TIMEOUT_PROFIT,0.9103948004040227,60,"upper_zone(0.91),near_top"
ETH/USDT,232,3653.12,0.09687034644358795,30,TIMEOUT_PROFIT,0.9600611360276614,60,"upper_zone(0.96),near_top"
ETH/USDT,236,3706.65,0.09990254002940663,30,TIMEOUT_PROFIT,0.9453255083936127,60,"upper_zone(0.95),near_top"
ETH/USDT,240,3784.94,0.08343342298689015,30,TIMEOUT_PROFIT,0.8147149834499564,70,"upper_zone(0.81),near_top,vol_spike"
ETH/USDT,244,3711.75,0.10089209941402305,30,TIMEOUT_PROFIT,0.6447635693703055,50,"upper_zone(0.64),vol_spike"
ETH/USDT,248,3906.88,0.125,7,TP4_HIT,0.7835836075381395,60,"upper_zone(0.78),near_top"
ETH/USDT,252,3892.99,0.125,3,TP4_HIT,0.6703620565913847,40,upper_zone(0.67)
ETH/USDT,283,3474.08,0.125,16,TP4_HIT,0.6742579600647599,40,upper_zone(0.67)
ETH/USDT,319,2763.25,0.125,6,TP4_HIT,0.8077390648933841,70,"upper_zone(0.81),ema_bear,rsi_bear"
ETH/USDT,378,1756.42,0.0,30,TIMEOUT_LOSS,0.8071333927058671,60,"upper_zone(0.81),ema_bear"
ETH/USDT,382,1820.91,0.0,30,TIMEOUT_LOSS,0.9548490223127288,80,"upper_zone(0.95),near_top,ema_bear"
ETH/USDT,386,1793.61,0.0,30,TIMEOUT_LOSS,0.8189090290188065,80,"upper_zone(0.82),near_top,ema_bear"
ETH/USDT,390,1808.7,0.0,30,TIMEOUT_LOSS,0.8080618771381824,80,"upper_zone(0.81),near_top,ema_bear"
ETH/USDT,394,2207.29,0.0,30,TIMEOUT_LOSS,0.9723145715073821,90,"upper_zone(0.97),near_top,ema_bear,vol_spike"
ETH/USDT,398,2495.6,0.0125,30,TIMEOUT_LOSS,0.856936944927986,40,upper_zone(0.86)
ETH/USDT,402,2537.14,0.009431584382414813,30,TIMEOUT_PROFIT,0.7998311984907157,40,upper_zone(0.80)
ETH/USDT,406,2524.4,0.01351311202662028,30,TIMEOUT_PROFIT,0.7828470111448835,40,upper_zone(0.78)
ETH/USDT,410,2530.37,0.08675914984765075,30,TIMEOUT_PROFIT,0.7888956433637283,40,upper_zone(0.79)
ETH/USDT,414,2681.74,0.125,25,TP4_HIT,0.8971670876939728,60,"upper_zone(0.90),near_top"
ETH/USDT,419,2607.66,0.07859421857143951,30,TIMEOUT_PROFIT,0.6139366129548602,40,upper_zone(0.61)
ETH/USDT,427,2816.29,0.125,11,TP4_HIT,0.9765037170533908,70,"upper_zone(0.98),near_top,vol_spike"
ETH/USDT,450,2591.1,0.0,30,TIMEOUT_LOSS,0.8433370286297486,60,"upper_zone(0.84),near_top"
ETH/USDT,454,2542.13,0.0,30,TIMEOUT_LOSS,0.8208978003319531,60,"upper_zone(0.82),near_top"
ETH/USDT,458,2958.18,0.0,30,TIMEOUT_LOSS,0.9121812420512599,70,"upper_zone(0.91),near_top,vol_spike"
ETH/USDT,462,3138.11,0.0,30,TIMEOUT_LOSS,0.9911149735394834,70,"upper_zone(0.99),near_top,vol_spike"
ETH/USDT,466,3592.09,0.0125,30,TIMEOUT_LOSS,0.9366752791362924,60,"upper_zone(0.94),near_top"
ETH/USDT,470,3628.85,0.0125,30,TIMEOUT_LOSS,0.8345939145022271,40,upper_zone(0.83)
ETH/USDT,474,3872.91,0.037500000000000006,30,TIMEOUT_LOSS,0.9947732751439375,60,"upper_zone(0.99),near_top"
ETH/USDT,478,3698.31,0.0125,30,TIMEOUT_LOSS,0.7657117520049352,40,upper_zone(0.77)
ETH/USDT,482,3721.34,0.0,30,TIMEOUT_LOSS,0.7381592726580353,40,upper_zone(0.74)
ETH/USDT,486,4010.39,0.0,30,TIMEOUT_LOSS,0.9168143568846898,60,"upper_zone(0.92),near_top"
ETH/USDT,490,4590.6,0.05184997603799068,30,TIMEOUT_PROFIT,0.9615815081376013,60,"upper_zone(0.96),near_top"
ETH/USDT,494,4422.4,0.0125,30,TIMEOUT_LOSS,0.7446346101602823,40,upper_zone(0.74)
ETH/USDT,498,4336.11,0.0,30,TIMEOUT_LOSS,0.6845269192457455,40,upper_zone(0.68)
ETH/USDT,502,4780.23,0.10720033345675836,30,TIMEOUT_PROFIT,0.8748892370292126,60,"upper_zone(0.87),near_top"
ETH/USDT,521,4712.0,0.125,28,TP4_HIT,0.6713403169486971,40,upper_zone(0.67)
ETH/USDT,526,4590.28,0.125,23,TP4_HIT,0.6815167243367931,60,"upper_zone(0.68),near_top"
ETH/USDT,541,4484.04,0.125,8,TP4_HIT,0.6999331912321445,40,upper_zone(0.70)
ETH/USDT,545,4683.76,0.125,4,TP4_HIT,0.9427703576989719,60,"upper_zone(0.94),near_top"
ETH/USDT,552,4241.25,0.125,22,TP4_HIT,0.6226173020527859,50,"upper_zone(0.62),rsi_bear"
ETH/USDT,566,4119.81,0.125,8,TP4_HIT,0.624349109126627,40,upper_zone(0.62)
ETH/USDT,604,3133.27,0.038502147915755784,30,TIMEOUT_PROFIT,0.814796488427773,90,"upper_zone(0.81),near_top,ema_bear,rsi_bear"
ETH/USDT,608,3124.51,0.030386884663515273,30,TIMEOUT_PROFIT,0.8122885129118438,80,"upper_zone(0.81),near_top,ema_bear"
ETH/USDT,633,3125.39,0.125,29,TP4_HIT,0.8687654933068913,80,"upper_zone(0.87),near_top,ema_bear"
ETH/USDT,637,3296.92,0.125,24,TP4_HIT,0.9781504731565636,80,"upper_zone(0.98),near_top,ema_bear"
ETH/USDT,645,3354.78,0.125,16,TP4_HIT,0.9038042731856624,90,"upper_zone(0.90),near_top,ema_bear,vol_spike"
ETH/USDT,649,3284.4,0.125,13,TP4_HIT,0.753544818476399,60,"upper_zone(0.75),near_top"
ETH/USDT,688,2027.72,0.024768705738464902,30,TIMEOUT_PROFIT,0.6484352894573034,70,"upper_zone(0.65),ema_bear,rsi_bear"
ETH/USDT,694,2127.09,0.06928520890042271,25,END_OF_DATA,0.8184649111880624,90,"upper_zone(0.82),near_top,ema_bear,vol_spike"
ETH/USDT,701,2052.14,0.029369341273012554,18,END_OF_DATA,0.6317480879898355,70,"upper_zone(0.63),ema_bear,rsi_bear"
ETH/USDT,705,2178.53,0.07676122201668106,14,END_OF_DATA,0.923514400291652,80,"upper_zone(0.92),near_top,ema_bear"
BNB/USDT,221,622.76,0.0,30,TIMEOUT_LOSS,0.6390188801032759,40,upper_zone(0.64)
BNB/USDT,226,621.88,0.0,30,TIMEOUT_LOSS,0.6319186703243506,40,upper_zone(0.63)
BNB/USDT,233,654.07,0.0125,30,TIMEOUT_LOSS,0.6439801624986821,40,upper_zone(0.64)
BNB/USDT,238,735.4,0.08489597497960295,30,TIMEOUT_PROFIT,0.9110456930756433,70,"upper_zone(0.91),near_top,vol_spike"
BNB/USDT,242,749.68,0.08169285561839718,30,TIMEOUT_PROFIT,0.7794585987261144,40,upper_zone(0.78)
BNB/USDT,250,718.98,0.051429455617680586,30,TIMEOUT_PROFIT,0.6132192204578265,40,upper_zone(0.61)
BNB/USDT,260,702.6,0.03614432109308281,30,TIMEOUT_PROFIT,0.6058579644242346,40,upper_zone(0.61)
BNB/USDT,264,694.79,0.04874836281466334,30,TIMEOUT_PROFIT,0.6612091685967569,40,upper_zone(0.66)
BNB/USDT,268,706.29,0.06920475300513951,30,TIMEOUT_PROFIT,0.7530548678220584,60,"upper_zone(0.75),near_top"
BNB/USDT,273,697.72,0.125,27,TP4_HIT,0.6424342351794953,60,"upper_zone(0.64),rsi_bear,vol_spike"
BNB/USDT,308,642.05,0.125,28,TP4_HIT,0.7204603709101874,60,"upper_zone(0.72),rsi_bear,vol_spike"
BNB/USDT,312,662.03,0.125,23,TP4_HIT,0.6982898674647283,40,upper_zone(0.70)
BNB/USDT,316,653.45,0.125,20,TP4_HIT,0.6616075245831553,40,upper_zone(0.66)
BNB/USDT,340,619.82,0.08923800458197545,30,TIMEOUT_PROFIT,0.7398129374059784,60,"upper_zone(0.74),ema_bear"
BNB/USDT,344,618.28,0.08566668823186907,30,TIMEOUT_PROFIT,0.8117133503092033,80,"upper_zone(0.81),near_top,ema_bear"
BNB/USDT,348,623.6,0.07712475946119311,30,TIMEOUT_PROFIT,0.8504183339396147,80,"upper_zone(0.85),near_top,ema_bear"
BNB/USDT,352,637.03,0.08662818077641557,30,TIMEOUT_PROFIT,0.9427083333333328,90,"upper_zone(0.94),near_top,ema_bear,vol_spike"
BNB/USDT,356,605.05,0.04192112222130395,30,TIMEOUT_PROFIT,0.6029455667230561,70,"upper_zone(0.60),ema_bear,rsi_bear"
BNB/USDT,368,597.48,0.0,30,TIMEOUT_LOSS,0.6292275247988753,60,"upper_zone(0.63),ema_bear"
BNB/USDT,373,590.5,0.0,30,TIMEOUT_LOSS,0.6894031668696714,70,"upper_zone(0.69),ema_bear,rsi_bear"
BNB/USDT,377,597.1,0.0,30,TIMEOUT_LOSS,0.8384398201401241,80,"upper_zone(0.84),near_top,ema_bear"
BNB/USDT,381,600.2,0.0,30,TIMEOUT_LOSS,0.8079161816065197,80,"upper_zone(0.81),near_top,ema_bear"
BNB/USDT,385,601.0,0.0,30,TIMEOUT_LOSS,0.645786726323639,80,"upper_zone(0.65),near_top,ema_bear"
BNB/USDT,396,664.1,0.010918912814335217,30,TIMEOUT_PROFIT,0.8404588112617314,70,"upper_zone(0.84),near_top,vol_spike"
BNB/USDT,400,652.5,0.0,30,TIMEOUT_LOSS,0.6284153005464483,40,upper_zone(0.63)
BNB/USDT,404,651.6,0.005678330263965693,30,TIMEOUT_PROFIT,0.6202185792349731,40,upper_zone(0.62)
BNB/USDT,408,686.4,0.0753277972027972,30,TIMEOUT_PROFIT,0.9371584699453553,70,"upper_zone(0.94),near_top,vol_spike"
BNB/USDT,412,674.1,0.05826843198338526,30,TIMEOUT_PROFIT,0.7989528795811526,60,"upper_zone(0.80),near_top"
BNB/USDT,442,646.1,0.0,30,TIMEOUT_LOSS,0.6136986301369872,70,"upper_zone(0.61),near_top,rsi_bear"
BNB/USDT,446,654.9,0.0,30,TIMEOUT_LOSS,0.7342465753424661,60,"upper_zone(0.73),near_top"
BNB/USDT,451,653.5,0.0,30,TIMEOUT_LOSS,0.8220472440944889,60,"upper_zone(0.82),near_top"
BNB/USDT,455,660.4,0.0,30,TIMEOUT_LOSS,0.9280778894472356,60,"upper_zone(0.93),near_top"
BNB/USDT,459,685.9,0.0,30,TIMEOUT_LOSS,0.8625304136253034,60,"upper_zone(0.86),near_top"
BNB/USDT,463,708.6,0.0,30,TIMEOUT_LOSS,0.9096858638743458,70,"upper_zone(0.91),near_top,vol_spike"
BNB/USDT,467,757.0,0.0,30,TIMEOUT_LOSS,0.9300986842105263,70,"upper_zone(0.93),near_top,vol_spike"
BNB/USDT,471,770.9,0.0125,30,TIMEOUT_LOSS,0.7528445006321112,50,"upper_zone(0.75),vol_spike"
BNB/USDT,475,824.1,0.018509586215265172,30,TIMEOUT_PROFIT,0.8164775530340407,70,"upper_zone(0.82),near_top,vol_spike"
BNB/USDT,491,847.9,0.0,30,TIMEOUT_LOSS,0.8978658536585367,60,"upper_zone(0.90),near_top"
BNB/USDT,495,855.5,0.0,30,TIMEOUT_LOSS,0.9002153625269205,60,"upper_zone(0.90),near_top"
BNB/USDT,499,839.3,0.0,30,TIMEOUT_LOSS,0.706796116504854,40,upper_zone(0.71)
BNB/USDT,504,863.7,0.0,30,TIMEOUT_LOSS,0.724415204678363,60,"upper_zone(0.72),near_top"
BNB/USDT,508,862.0,0.0,30,TIMEOUT_LOSS,0.6395242451967064,60,"upper_zone(0.64),near_top"
BNB/USDT,516,880.1,0.0,30,TIMEOUT_LOSS,0.7430639324487339,60,"upper_zone(0.74),near_top"
BNB/USDT,520,902.7,0.0,30,TIMEOUT_LOSS,0.9394329896907225,60,"upper_zone(0.94),near_top"
BNB/USDT,524,919.5,0.0,30,TIMEOUT_LOSS,0.7575757575757575,60,"upper_zone(0.76),near_top"
BNB/USDT,528,983.9,0.037500000000000006,30,TIMEOUT_LOSS,0.8610614192009537,60,"upper_zone(0.86),near_top"
BNB/USDT,532,1016.3,0.037500000000000006,30,TIMEOUT_LOSS,0.7231848184818477,50,"upper_zone(0.72),vol_spike"
BNB/USDT,539,1008.5,0.002646256817055062,30,TIMEOUT_PROFIT,0.6158974358974356,40,upper_zone(0.62)
BNB/USDT,543,1150.8,0.125,6,TP4_HIT,0.8521800779865295,60,"upper_zone(0.85),near_top"
BNB/USDT,547,1306.7,0.125,2,TP4_HIT,0.8792860497886335,70,"upper_zone(0.88),near_top,vol_spike"
BNB/USDT,551,1303.2,0.125,5,TP4_HIT,0.8866873065015483,70,"upper_zone(0.89),near_top,vol_spike"
BNB/USDT,606,890.3,0.0125,30,TIMEOUT_LOSS,0.659800664451827,50,"upper_zone(0.66),rsi_bear"
BNB/USDT,610,893.4,0.009813633310946906,30,TIMEOUT_PROFIT,0.7441860465116276,70,"upper_zone(0.74),near_top,rsi_bear"
BNB/USDT,634,878.3,0.10468803370146874,30,TIMEOUT_PROFIT,0.7761966364812413,60,"upper_zone(0.78),near_top"
BNB/USDT,638,900.2,0.125,28,TP4_HIT,0.767961165048544,60,"upper_zone(0.77),near_top"
BNB/USDT,642,904.0,0.125,24,TP4_HIT,0.8048543689320387,60,"upper_zone(0.80),near_top"
BNB/USDT,646,931.1,0.125,17,TP4_HIT,0.8041493775933608,60,"upper_zone(0.80),near_top"
BNB/USDT,650,923.8,0.125,14,TP4_HIT,0.656038647342995,70,"upper_zone(0.66),near_top,vol_spike"
BNB/USDT,691,617.8,0.015053415344771698,28,END_OF_DATA,0.622900763358778,90,"upper_zone(0.62),near_top,ema_bear,rsi_bear"
BNB/USDT,695,647.7,0.05789138490041691,24,END_OF_DATA,0.7934904601571271,90,"upper_zone(0.79),near_top,ema_bear,rsi_bear"
BNB/USDT,699,634.7,0.04127934457223892,20,END_OF_DATA,0.6475869809203146,90,"upper_zone(0.65),near_top,ema_bear,rsi_bear"
BNB/USDT,703,655.6,0.06638194020744358,16,END_OF_DATA,0.7690802348336594,80,"upper_zone(0.77),near_top,ema_bear"
BNB/USDT,707,668.6,0.07991699072689203,12,END_OF_DATA,0.808467741935484,80,"upper_zone(0.81),near_top,ema_bear"
XRP/USDT,222,1.0542,-1.0,14,SL_HIT,0.7252095422308188,50,"upper_zone(0.73),vol_spike"
XRP/USDT,229,1.4328,-0.4625,8,SL_HIT,0.8227132125497129,40,upper_zone(0.82)
XRP/USDT,234,1.8004,0.0,30,TIMEOUT_LOSS,0.9884071780212802,60,"upper_zone(0.99),near_top"
XRP/USDT,241,2.4256,0.125,4,TP4_HIT,0.747228497872117,40,upper_zone(0.75)
XRP/USDT,245,2.3703,0.08533624435725436,30,TIMEOUT_PROFIT,0.7067249863313285,40,upper_zone(0.71)
XRP/USDT,249,2.4006,0.06220111638756978,30,TIMEOUT_PROFIT,0.6881508410869431,40,upper_zone(0.69)
XRP/USDT,269,2.4543,0.011871511225196616,30,TIMEOUT_PROFIT,0.6336709834594176,40,upper_zone(0.63)
XRP/USDT,274,2.3728,0.125,26,TP4_HIT,0.7506365951254999,50,"upper_zone(0.75),vol_spike"
XRP/USDT,278,2.5046,0.125,22,TP4_HIT,0.8374505928853755,60,"upper_zone(0.84),near_top"
XRP/USDT,282,3.2444,0.125,17,TP4_HIT,0.8879009886905186,70,"upper_zone(0.89),near_top,vol_spike"
XRP/USDT,286,3.1053,0.125,13,TP4_HIT,0.7753464072082986,50,"upper_zone(0.78),vol_spike"
XRP/USDT,290,3.1009,0.125,9,TP4_HIT,0.7495008319467554,40,upper_zone(0.75)
XRP/USDT,294,3.0571,0.125,6,TP4_HIT,0.7045318255803992,40,upper_zone(0.70)
XRP/USDT,311,2.7385,0.125,11,TP4_HIT,0.6714039323904796,40,upper_zone(0.67)
XRP/USDT,318,2.5667,0.125,7,TP4_HIT,0.6737851017319657,50,"upper_zone(0.67),rsi_bear"
XRP/USDT,331,2.5998,0.125,4,TP4_HIT,0.6131843152112144,40,upper_zone(0.61)
XRP/USDT,350,2.4492,0.125,12,TP4_HIT,0.7371803454277677,40,upper_zone(0.74)
XRP/USDT,372,2.0835,0.0,30,TIMEOUT_LOSS,0.6443044906900326,50,"upper_zone(0.64),rsi_bear"
XRP/USDT,376,2.0785,0.0,30,TIMEOUT_LOSS,0.7347325232759983,50,"upper_zone(0.73),rsi_bear"
XRP/USDT,380,2.2049,0.0125,30,TIMEOUT_LOSS,0.8598402323892517,60,"upper_zone(0.86),near_top"
XRP/USDT,384,2.295,0.01926470588235285,30,TIMEOUT_PROFIT,0.8959049703032195,60,"upper_zone(0.90),near_top"
XRP/USDT,397,2.367,0.05006865230249259,30,TIMEOUT_PROFIT,0.7209136331192002,60,"upper_zone(0.72),near_top"
XRP/USDT,447,2.2359,0.0,30,TIMEOUT_LOSS,0.7621596462648361,60,"upper_zone(0.76),near_top"
XRP/USDT,452,2.2176,0.0,30,TIMEOUT_LOSS,0.721250291579193,40,upper_zone(0.72)
XRP/USDT,456,2.4038,0.0,30,TIMEOUT_LOSS,0.9541602465331278,70,"upper_zone(0.95),near_top,vol_spike"
XRP/USDT,460,2.8357,0.0,30,TIMEOUT_LOSS,0.8418976662649283,40,upper_zone(0.84)
XRP/USDT,464,3.4824,0.125,16,TP4_HIT,0.9488568413647557,70,"upper_zone(0.95),near_top,vol_spike"
XRP/USDT,468,3.5493,0.125,12,TP4_HIT,0.9251727804359383,60,"upper_zone(0.93),near_top"
XRP/USDT,472,3.1422,0.056053879447520855,30,TIMEOUT_PROFIT,0.6424246594192926,40,upper_zone(0.64)
XRP/USDT,517,2.9702,0.035301494848831744,30,TIMEOUT_PROFIT,0.6345260223048333,40,upper_zone(0.63)
XRP/USDT,522,3.1192,0.125,27,TP4_HIT,0.863543371522095,60,"upper_zone(0.86),near_top"
XRP/USDT,544,2.9695,0.125,5,TP4_HIT,0.6340206185567011,40,upper_zone(0.63)
XRP/USDT,549,2.3586,0.03584647672348003,30,TIMEOUT_PROFIT,0.6003663398340696,60,"upper_zone(0.60),rsi_bear,vol_spike"
XRP/USDT,553,2.5028,0.09306976186670932,30,TIMEOUT_PROFIT,0.6780519340588299,60,"upper_zone(0.68),rsi_bear,vol_spike"
XRP/USDT,557,2.36,0.07908898305084744,30,TIMEOUT_PROFIT,0.6011205689042128,50,"upper_zone(0.60),rsi_bear"
XRP/USDT,561,2.3647,0.125,30,TP4_HIT,0.6054465877775977,50,"upper_zone(0.61),rsi_bear"
XRP/USDT,565,2.6464,0.125,9,TP4_HIT,0.7979286405280828,40,upper_zone(0.80)
XRP/USDT,570,2.5093,0.125,20,TP4_HIT,0.6286894923258562,50,"upper_zone(0.63),rsi_bear"
XRP/USDT,580,2.526,0.125,10,TP4_HIT,0.7274167987321708,60,"upper_zone(0.73),ema_bear"
XRP/USDT,609,2.1063,0.07299411289939704,30,TIMEOUT_PROFIT,0.6134164695764356,70,"upper_zone(0.61),ema_bear,rsi_bear"
XRP/USDT,635,2.0908,0.125,27,TP4_HIT,0.9148997134670498,80,"upper_zone(0.91),near_top,ema_bear"
XRP/USDT,706,1.5428,0.1093822919367384,13,END_OF_DATA,0.9666666666666665,80,"upper_zone(0.97),near_top,ema_bear"
USDC/USDT,230,1.0001,0.0,30,TIMEOUT_LOSS,0.9000000000000111,80,"upper_zone(0.90),near_top,ema_bear"
USDC/USDT,237,0.9996,0.0,30,TIMEOUT_LOSS,0.8865979381443416,80,"upper_zone(0.89),near_top,ema_bear"
USDC/USDT,246,0.9993,0.0,30,TIMEOUT_LOSS,0.8469387755102084,90,"upper_zone(0.85),near_top,ema_bear,rsi_bear"
USDC/USDT,307,0.9999,0.0,30,TIMEOUT_LOSS,0.6666666666666914,70,"upper_zone(0.67),near_top,rsi_bear"
USDC/USDT,313,0.9999,0.0,30,TIMEOUT_LOSS,0.6666666666666914,70,"upper_zone(0.67),near_top,rsi_bear"
USDC/USDT,345,1.0006,0.0005996402158704117,30,TIMEOUT_PROFIT,0.7999999999999379,60,"upper_zone(0.80),near_top"
USDC/USDT,351,0.9999,0.000600060006000645,30,TIMEOUT_PROFIT,0.6190476190476392,70,"upper_zone(0.62),near_top,rsi_bear"
USDC/USDT,355,1.0001,0.000299970002999667,30,TIMEOUT_PROFIT,0.7142857142857294,70,"upper_zone(0.71),near_top,rsi_bear"
USDC/USDT,359,1.0004,0.0006997201119551409,30,TIMEOUT_PROFIT,0.8571428571428646,60,"upper_zone(0.86),near_top"
USDC/USDT,363,1.0004,0.0004998000799679578,30,TIMEOUT_PROFIT,0.6923076923076463,70,"upper_zone(0.69),near_top,vol_spike"
USDC/USDT,392,1.0001,0.000499950004999445,30,TIMEOUT_PROFIT,0.7692307692307889,80,"upper_zone(0.77),near_top,ema_bear"
USDC/USDT,409,0.9998,0.00010002000400078914,30,TIMEOUT_PROFIT,0.6428571428571712,80,"upper_zone(0.64),near_top,ema_bear"
USDC/USDT,415,0.9999,0.000300030003000267,30,TIMEOUT_PROFIT,0.8333333333333488,80,"upper_zone(0.83),near_top,ema_bear"
USDC/USDT,428,0.9997,0.0,30,TIMEOUT_LOSS,0.6363636363636731,90,"upper_zone(0.64),near_top,ema_bear,vol_spike"
USDC/USDT,432,0.9997,0.0,30,TIMEOUT_LOSS,0.6363636363636731,80,"upper_zone(0.64),near_top,ema_bear"
USDC/USDT,436,0.9997,0.00020006001800537958,30,TIMEOUT_PROFIT,0.6363636363636731,80,"upper_zone(0.64),near_top,ema_bear"
USDC/USDT,448,0.9997,0.0,30,TIMEOUT_LOSS,0.7000000000000333,80,"upper_zone(0.70),near_top,ema_bear"
USDC/USDT,476,1.0,9.999999999998899e-05,30,TIMEOUT_PROFIT,0.9423076923076985,60,"upper_zone(0.94),near_top"
USDC/USDT,480,1.0002,0.0001999600079983783,30,TIMEOUT_PROFIT,0.9622641509434002,60,"upper_zone(0.96),near_top"
USDC/USDT,484,0.9997,0.0,30,TIMEOUT_LOSS,0.8679245283019006,70,"upper_zone(0.87),near_top,rsi_bear"
USDC/USDT,497,1.0,0.0004999999999999449,30,TIMEOUT_PROFIT,0.714285714285737,90,"upper_zone(0.71),near_top,ema_bear,vol_spike"
USDC/USDT,501,1.0002,0.0009998000399920025,30,TIMEOUT_PROFIT,0.8000000000000148,60,"upper_zone(0.80),near_top"
USDC/USDT,506,0.9999,0.000500050005000556,30,TIMEOUT_PROFIT,0.6000000000000296,60,"upper_zone(0.60),near_top"
USDC/USDT,510,1.0,0.0006000000000000449,30,TIMEOUT_PROFIT,0.6666666666666914,60,"upper_zone(0.67),near_top"
USDC/USDT,533,0.9996,0.0,30,TIMEOUT_LOSS,0.6428571428571712,80,"upper_zone(0.64),near_top,ema_bear"
USDC/USDT,540,0.9994,0.0,30,TIMEOUT_LOSS,0.6363636363635722,90,"upper_zone(0.64),near_top,ema_bear,rsi_bear"
USDC/USDT,548,0.9994,0.0,30,TIMEOUT_LOSS,0.6363636363635722,90,"upper_zone(0.64),near_top,ema_bear,rsi_bear"
USDC/USDT,554,0.9995,0.0,30,TIMEOUT_LOSS,0.9545454545454597,80,"upper_zone(0.95),near_top,ema_bear"
USDC/USDT,558,0.9995,0.0,30,TIMEOUT_LOSS,0.9438202247191074,80,"upper_zone(0.94),near_top,ema_bear"
USDC/USDT,562,0.9996,0.0,30,TIMEOUT_LOSS,0.9550561797752859,80,"upper_zone(0.96),near_top,ema_bear"
USDC/USDT,567,0.9997,0.0,30,TIMEOUT_LOSS,0.9662921348314645,60,"upper_zone(0.97),near_top"
USDC/USDT,571,1.0003,0.0004998500449864491,30,TIMEOUT_PROFIT,0.9666666666666698,60,"upper_zone(0.97),near_top"
USDC/USDT,575,1.0,0.00029999999999996696,30,TIMEOUT_PROFIT,0.7222222222222393,60,"upper_zone(0.72),near_top"
USDC/USDT,579,1.0,0.00019999999999997797,30,TIMEOUT_PROFIT,0.6500000000000195,60,"upper_zone(0.65),near_top"
USDC/USDT,616,1.0001,9.9990000999889e-05,30,TIMEOUT_PROFIT,0.8571428571428571,60,"upper_zone(0.86),near_top"
USDC/USDT,620,1.0003,0.0,30,TIMEOUT_LOSS,0.8,60,"upper_zone(0.80),near_top"
USDC/USDT,624,1.0004,0.0,30,TIMEOUT_LOSS,0.8181818181818182,60,"upper_zone(0.82),near_top"
USDC/USDT,628,1.0005,0.0,30,TIMEOUT_LOSS,0.8181818181818182,60,"upper_zone(0.82),near_top"
USDC/USDT,640,1.001,0.0004995004995004445,30,TIMEOUT_PROFIT,0.7058823529410843,60,"upper_zone(0.71),near_top"
USDC/USDT,651,1.001,0.0004995004995004445,30,TIMEOUT_PROFIT,0.7647058823528413,60,"upper_zone(0.76),near_top"
USDC/USDT,655,1.0013,0.0009987016878059642,30,TIMEOUT_PROFIT,0.9411764705882429,60,"upper_zone(0.94),near_top"
USDC/USDT,710,1.0002,-0.0003999200159967566,9,END_OF_DATA,0.8571428571428571,60,"upper_zone(0.86),near_top"
USDC/USDT,714,1.0004,-0.0001999200319871831,5,END_OF_DATA,1.0,70,"upper_zone(1.00),near_top,vol_spike"
SOL/USDT,223,239.78,0.10965676870464594,30,TIMEOUT_PROFIT,0.9060560667665312,60,"upper_zone(0.91),near_top"
SOL/USDT,227,256.95,0.125,17,TP4_HIT,0.9309872029250456,60,"upper_zone(0.93),near_top"
SOL/USDT,270,216.64,0.125,9,TP4_HIT,0.7659456461453129,40,upper_zone(0.77)
SOL/USDT,281,205.89,0.08285613677206276,30,TIMEOUT_PROFIT,0.683470319634703,40,upper_zone(0.68)
SOL/USDT,285,252.71,0.125,14,TP4_HIT,0.6619519094766619,50,"upper_zone(0.66),vol_spike"
SOL/USDT,289,253.1,0.125,10,TP4_HIT,0.6650165016501649,40,upper_zone(0.67)
SOL/USDT,327,178.77,0.125,1,TP4_HIT,0.6596826183982148,70,"upper_zone(0.66),ema_bear,vol_spike"
SOL/USDT,349,141.0,0.125,10,TP4_HIT,0.7090464547677261,60,"upper_zone(0.71),ema_bear"
SOL/USDT,369,128.36,0.0,30,TIMEOUT_LOSS,0.6342769701606736,60,"upper_zone(0.63),ema_bear"
SOL/USDT,374,134.05,0.0,30,TIMEOUT_LOSS,0.9454855195911418,80,"upper_zone(0.95),near_top,ema_bear"
SOL/USDT,379,151.1,0.0125,30,TIMEOUT_LOSS,0.9474576271186441,80,"upper_zone(0.95),near_top,ema_bear"
SOL/USDT,383,147.98,0.0125,30,TIMEOUT_LOSS,0.8381482146061365,60,"upper_zone(0.84),ema_bear"
SOL/USDT,387,150.82,0.0125,30,TIMEOUT_LOSS,0.8355945730247405,60,"upper_zone(0.84),near_top"
SOL/USDT,391,146.73,0.0,30,TIMEOUT_LOSS,0.6938897168405361,40,upper_zone(0.69)
SOL/USDT,395,172.82,0.10445260965166067,30,TIMEOUT_PROFIT,0.9202265754071277,70,"upper_zone(0.92),near_top,vol_spike"
SOL/USDT,399,183.73,0.125,23,TP4_HIT,0.9746124466412037,70,"upper_zone(0.97),near_top,vol_spike"
SOL/USDT,407,173.55,0.125,30,TP4_HIT,0.7395809348376698,50,"upper_zone(0.74),vol_spike"
SOL/USDT,411,175.75,0.125,26,TP4_HIT,0.7425356988316745,40,upper_zone(0.74)
SOL/USDT,449,152.28,0.0,30,TIMEOUT_LOSS,0.7738515901060069,60,"upper_zone(0.77),ema_bear"
SOL/USDT,453,151.85,0.0,30,TIMEOUT_LOSS,0.7611896348645462,60,"upper_zone(0.76),ema_bear"
SOL/USDT,457,164.33,0.0125,30,TIMEOUT_LOSS,0.9728426395939088,80,"upper_zone(0.97),near_top,ema_bear"
SOL/USDT,461,162.22,0.0,30,TIMEOUT_LOSS,0.7954906319466498,60,"upper_zone(0.80),near_top"
SOL/USDT,465,177.29,0.037500000000000006,30,TIMEOUT_LOSS,0.815102860010035,70,"upper_zone(0.82),near_top,vol_spike"
SOL/USDT,469,205.72,0.125,10,TP4_HIT,0.9900180003272785,70,"upper_zone(0.99),near_top,vol_spike"
SOL/USDT,473,184.88,0.07193044136737343,30,TIMEOUT_PROFIT,0.6342710997442452,40,upper_zone(0.63)
SOL/USDT,492,192.46,0.0125,30,TIMEOUT_LOSS,0.6781417730890249,50,"upper_zone(0.68),vol_spike"
SOL/USDT,500,200.7,0.0125,30,TIMEOUT_LOSS,0.8291635548917101,70,"upper_zone(0.83),near_top,vol_spike"
SOL/USDT,505,202.98,0.004592817026307957,30,TIMEOUT_PROFIT,0.7365403788634093,50,"upper_zone(0.74),vol_spike"
SOL/USDT,509,200.63,0.0,30,TIMEOUT_LOSS,0.6092834610184766,40,upper_zone(0.61)
SOL/USDT,513,202.32,0.0125,30,TIMEOUT_LOSS,0.6297610598533239,40,upper_zone(0.63)
SOL/USDT,518,217.2,0.028844383057090202,30,TIMEOUT_PROFIT,0.9393654524089304,60,"upper_zone(0.94),near_top"
SOL/USDT,523,239.76,0.125,11,TP4_HIT,0.8461298377028712,60,"upper_zone(0.85),near_top"
SOL/USDT,527,247.48,0.125,7,TP4_HIT,0.8987533692722369,60,"upper_zone(0.90),near_top"
SOL/USDT,542,232.82,0.125,7,TP4_HIT,0.6701244813278006,40,upper_zone(0.67)
SOL/USDT,603,144.68,0.09639203760022118,30,TIMEOUT_PROFIT,0.9392828035859828,90,"upper_zone(0.94),near_top,ema_bear,rsi_bear"
SOL/USDT,636,137.92,0.125,26,TP4_HIT,0.9149305555555551,80,"upper_zone(0.91),near_top,ema_bear"
SOL/USDT,641,135.88,0.125,21,TP4_HIT,0.6871646718943454,60,"upper_zone(0.69),ema_bear"
SOL/USDT,647,144.91,0.125,13,TP4_HIT,0.8532075471698108,80,"upper_zone(0.85),near_top,ema_bear"
SOL/USDT,687,88.06,0.06566261639791057,30,TIMEOUT_PROFIT,0.8340097402597402,100,"upper_zone(0.83),near_top,ema_bear,rsi_bear,vol_spike"
SOL/USDT,692,86.64,0.05863919667590026,27,END_OF_DATA,0.6666666666666664,70,"upper_zone(0.67),ema_bear,rsi_bear"
SOL/USDT,702,86.83,0.06017937348842563,17,END_OF_DATA,0.6082474226804123,70,"upper_zone(0.61),ema_bear,rsi_bear"
SOL/USDT,708,90.08,0.08551842806394312,11,END_OF_DATA,0.6308887809616315,60,"upper_zone(0.63),ema_bear"
SOL/USDT,713,91.43,0.09284288526741771,6,END_OF_DATA,0.6422438465941617,60,"upper_zone(0.64),ema_bear"
TRX/USDT,220,0.19121,-1.0,18,SL_HIT,0.967880085653105,60,"upper_zone(0.97),near_top"
TRX/USDT,224,0.19951,-0.7375,14,SL_HIT,0.8004008016032065,60,"upper_zone(0.80),near_top"
TRX/USDT,228,0.21203,-0.4625,10,SL_HIT,0.8034921121151783,40,upper_zone(0.80)
TRX/USDT,232,0.20105,-1.0,6,SL_HIT,0.6343111657195516,40,upper_zone(0.63)
TRX/USDT,236,0.2072,-1.0,2,SL_HIT,0.708532761181713,40,upper_zone(0.71)
TRX/USDT,272,0.26843,0.125,28,TP4_HIT,0.7716974555594284,60,"upper_zone(0.77),near_top"
TRX/USDT,288,0.25369,0.125,12,TP4_HIT,0.6409454292665978,40,upper_zone(0.64)
TRX/USDT,296,0.25193,0.125,4,TP4_HIT,0.6863396521399255,40,upper_zone(0.69)
TRX/USDT,309,0.24327,0.07998366013071895,30,TIMEOUT_PROFIT,0.7099491417673237,40,upper_zone(0.71)
TRX/USDT,314,0.23875,0.05393979057591623,30,TIMEOUT_PROFIT,0.6744498572148492,50,"upper_zone(0.67),rsi_bear"
TRX/USDT,319,0.23936,0.060603275401069495,30,TIMEOUT_PROFIT,0.7829427583557432,70,"upper_zone(0.78),near_top,rsi_bear"
TRX/USDT,329,0.2427,0.0467707045735476,30,TIMEOUT_PROFIT,0.7635175282234107,60,"upper_zone(0.76),near_top"
TRX/USDT,333,0.2439,0.06866031160311607,30,TIMEOUT_PROFIT,0.7888563049853377,60,"upper_zone(0.79),near_top"
TRX/USDT,343,0.2372,0.0125,30,TIMEOUT_LOSS,0.6533665835411472,50,"upper_zone(0.65),vol_spike"
TRX/USDT,347,0.2372,0.0125,30,TIMEOUT_LOSS,0.6533665835411472,40,upper_zone(0.65)
TRX/USDT,353,0.2325,0.0125,30,TIMEOUT_LOSS,0.6456456456456463,40,upper_zone(0.65)
TRX/USDT,357,0.2379,0.0125,30,TIMEOUT_LOSS,0.8226299694189603,60,"upper_zone(0.82),near_top"
TRX/USDT,361,0.2375,0.0125,30,TIMEOUT_LOSS,0.8086419753086417,60,"upper_zone(0.81),near_top"
TRX/USDT,365,0.2385,0.0,30,TIMEOUT_LOSS,0.8349056603773584,60,"upper_zone(0.83),near_top"
TRX/USDT,370,0.2521,0.0,30,TIMEOUT_LOSS,0.7984693877551017,60,"upper_zone(0.80),near_top"
TRX/USDT,378,0.2484,0.0,30,TIMEOUT_LOSS,0.7040816326530613,60,"upper_zone(0.70),near_top"
TRX/USDT,382,0.252,0.0,30,TIMEOUT_LOSS,0.7959183673469387,60,"upper_zone(0.80),near_top"
TRX/USDT,393,0.2487,0.0,30,TIMEOUT_LOSS,0.6081081081081083,60,"upper_zone(0.61),near_top"
TRX/USDT,398,0.2718,0.0,30,TIMEOUT_LOSS,0.7905236907730668,70,"upper_zone(0.79),near_top,vol_spike"
TRX/USDT,402,0.2717,0.0,30,TIMEOUT_LOSS,0.7751322751322749,60,"upper_zone(0.78),near_top"
TRX/USDT,406,0.2692,0.0,30,TIMEOUT_LOSS,0.7027027027027025,60,"upper_zone(0.70),near_top"
TRX/USDT,410,0.2702,0.0,30,TIMEOUT_LOSS,0.6873385012919896,60,"upper_zone(0.69),near_top"
TRX/USDT,414,0.2737,0.013870113262696385,30,TIMEOUT_PROFIT,0.6939501779359434,60,"upper_zone(0.69),near_top"
TRX/USDT,421,0.2744,0.0125,30,TIMEOUT_LOSS,0.6392694063926928,60,"upper_zone(0.64),near_top"
TRX/USDT,425,0.2817,0.0125,30,TIMEOUT_LOSS,0.7560975609756097,60,"upper_zone(0.76),near_top"
TRX/USDT,450,0.2868,0.0,30,TIMEOUT_LOSS,0.7650273224043718,60,"upper_zone(0.77),near_top"
TRX/USDT,454,0.2867,0.0,30,TIMEOUT_LOSS,0.926910299003323,60,"upper_zone(0.93),near_top"
TRX/USDT,458,0.301,0.0,30,TIMEOUT_LOSS,0.9377777777777773,70,"upper_zone(0.94),near_top,vol_spike"
TRX/USDT,462,0.3004,0.0,30,TIMEOUT_LOSS,0.8201634877384198,60,"upper_zone(0.82),near_top"
TRX/USDT,466,0.3179,0.0125,30,TIMEOUT_LOSS,0.7167235494880547,40,upper_zone(0.72)
TRX/USDT,474,0.3199,0.0,30,TIMEOUT_LOSS,0.700205338809035,60,"upper_zone(0.70),near_top"
TRX/USDT,482,0.3328,0.0,30,TIMEOUT_LOSS,0.6420233463035014,40,upper_zone(0.64)
TRX/USDT,486,0.3378,0.047121077560686814,30,TIMEOUT_PROFIT,0.7362204724409445,60,"upper_zone(0.74),near_top"
TRX/USDT,490,0.3525,0.07932624113475178,30,TIMEOUT_PROFIT,0.9720149253731343,60,"upper_zone(0.97),near_top"
TRX/USDT,496,0.3504,0.08035102739726029,30,TIMEOUT_PROFIT,0.616570327552986,40,upper_zone(0.62)
TRX/USDT,502,0.3615,0.09263485477178422,30,TIMEOUT_PROFIT,0.783251231527093,60,"upper_zone(0.78),near_top"
TRX/USDT,521,0.3527,0.07988729798695782,30,TIMEOUT_PROFIT,0.7738764044943821,70,"upper_zone(0.77),near_top,vol_spike"
TRX/USDT,525,0.3425,0.07618613138686135,30,TIMEOUT_PROFIT,0.7822299651567952,60,"upper_zone(0.78),near_top"
TRX/USDT,529,0.3467,0.07240049033746755,30,TIMEOUT_PROFIT,0.855400696864112,70,"upper_zone(0.86),near_top,vol_spike"
TRX/USDT,535,0.3384,0.09394208037825053,30,TIMEOUT_PROFIT,0.6278026905829593,70,"upper_zone(0.63),near_top,rsi_bear"
TRX/USDT,545,0.3461,0.125,29,TP4_HIT,0.7092511013215861,60,"upper_zone(0.71),near_top"
TRX/USDT,583,0.2933,0.06952352540061367,30,TIMEOUT_PROFIT,0.6137184115523471,70,"upper_zone(0.61),near_top,rsi_bear"
TRX/USDT,587,0.2918,0.04360006854009596,30,TIMEOUT_PROFIT,0.6175298804780879,70,"upper_zone(0.62),near_top,rsi_bear"
TRX/USDT,607,0.2869,0.0125,30,TIMEOUT_LOSS,0.7219730941704023,80,"upper_zone(0.72),near_top,ema_bear"
TRX/USDT,621,0.2883,0.0,30,TIMEOUT_LOSS,0.8894472361809054,80,"upper_zone(0.89),near_top,ema_bear"
TRX/USDT,627,0.2849,0.0,30,TIMEOUT_LOSS,0.7688172043010739,80,"upper_zone(0.77),near_top,ema_bear"
TRX/USDT,631,0.2845,0.0,30,TIMEOUT_LOSS,0.7473118279569873,80,"upper_zone(0.75),near_top,ema_bear"
TRX/USDT,637,0.2942,0.07572229775662825,30,TIMEOUT_PROFIT,0.9062500000000017,80,"upper_zone(0.91),near_top,ema_bear"
TRX/USDT,643,0.2998,0.0731904603068713,30,TIMEOUT_PROFIT,0.8614232209737835,60,"upper_zone(0.86),near_top"
TRX/USDT,648,0.3187,0.10174929400690302,30,TIMEOUT_PROFIT,0.9763779527559052,60,"upper_zone(0.98),near_top"
TRX/USDT,678,0.2846,0.0,30,TIMEOUT_LOSS,0.6049822064056942,90,"upper_zone(0.60),near_top,ema_bear,rsi_bear"
TRX/USDT,682,0.2854,0.0,30,TIMEOUT_LOSS,0.8855721393034814,80,"upper_zone(0.89),near_top,ema_bear"
TRX/USDT,686,0.2839,0.0,30,TIMEOUT_LOSS,0.6848739495798315,90,"upper_zone(0.68),near_top,ema_bear,rsi_bear"
TRX/USDT,694,0.2871,-0.1107628004179728,25,END_OF_DATA,0.7034482758620713,80,"upper_zone(0.70),near_top,ema_bear"
TRX/USDT,698,0.2892,-0.10269709543568466,21,END_OF_DATA,0.8345864661654148,80,"upper_zone(0.83),near_top,ema_bear"
TRX/USDT,704,0.2979,-0.07049345417925484,15,END_OF_DATA,0.9423076923076933,60,"upper_zone(0.94),near_top"
TRX/USDT,709,0.3036,-0.050395256916996166,10,END_OF_DATA,0.8161290322580634,70,"upper_zone(0.82),near_top,vol_spike"
TRX/USDT,715,0.3145,-0.013990461049284626,4,END_OF_DATA,0.8764044943820222,60,"upper_zone(0.88),near_top"
TRX/USDT,719,0.3189,0.0,30,END_OF_DATA,0.9644808743169407,60,"upper_zone(0.96),near_top"
DOGE/USDT,221,0.36415,0.0125,30,TIMEOUT_LOSS,0.7484646105312616,40,upper_zone(0.75)
DOGE/USDT,225,0.37784,0.125,29,TP4_HIT,0.7936261959304677,40,upper_zone(0.79)
DOGE/USDT,231,0.38707,0.125,23,TP4_HIT,0.6849510119673189,40,upper_zone(0.68)
DOGE/USDT,235,0.42158,0.125,19,TP4_HIT,0.7184849653045491,40,upper_zone(0.72)
DOGE/USDT,239,0.43278,0.125,15,TP4_HIT,0.6631954350927247,40,upper_zone(0.66)
DOGE/USDT,243,0.46638,0.125,1,TP4_HIT,0.8532072703561825,60,"upper_zone(0.85),near_top"
DOGE/USDT,271,0.38231,0.125,22,TP4_HIT,0.8113004242709947,40,upper_zone(0.81)
DOGE/USDT,283,0.41525,0.125,10,TP4_HIT,0.9413243196394523,70,"upper_zone(0.94),near_top,vol_spike"
DOGE/USDT,352,0.19047,0.125,10,TP4_HIT,0.7569708491761724,60,"upper_zone(0.76),ema_bear"
DOGE/USDT,381,0.18161,0.0125,30,TIMEOUT_LOSS,0.9177765938554432,80,"upper_zone(0.92),near_top,ema_bear"
DOGE/USDT,388,0.18151,0.0125,30,TIMEOUT_LOSS,0.7298180121325244,60,"upper_zone(0.73),ema_bear"
DOGE/USDT,394,0.19811,0.09137978900610776,30,TIMEOUT_PROFIT,0.9936860439799698,90,"upper_zone(0.99),near_top,ema_bear,vol_spike"
DOGE/USDT,400,0.23276,0.125,17,TP4_HIT,0.7173685313220194,40,upper_zone(0.72)
DOGE/USDT,404,0.23306,0.125,13,TP4_HIT,0.7205112088833016,40,upper_zone(0.72)
DOGE/USDT,408,0.2456,0.125,8,TP4_HIT,0.8518751309448983,40,upper_zone(0.85)
DOGE/USDT,412,0.22604,0.125,10,TP4_HIT,0.6286092131364335,40,upper_zone(0.63)
DOGE/USDT,455,0.17093,0.0,30,TIMEOUT_LOSS,0.8186302959953567,90,"upper_zone(0.82),near_top,ema_bear,rsi_bear"
DOGE/USDT,459,0.19742,0.0,30,TIMEOUT_LOSS,0.7497311414963896,60,"upper_zone(0.75),ema_bear"
DOGE/USDT,463,0.2127,0.037500000000000006,30,TIMEOUT_LOSS,0.8729591043383609,70,"upper_zone(0.87),near_top,vol_spike"
DOGE/USDT,467,0.27376,0.125,9,TP4_HIT,0.9629447046257497,70,"upper_zone(0.96),near_top,vol_spike"
DOGE/USDT,491,0.24472,0.043525253350768234,30,TIMEOUT_PROFIT,0.9055385112223475,70,"upper_zone(0.91),near_top,vol_spike"
DOGE/USDT,495,0.23457,0.037500000000000006,30,TIMEOUT_LOSS,0.6847048300536672,40,upper_zone(0.68)
DOGE/USDT,519,0.24535,0.125,30,TP4_HIT,0.906005804867158,60,"upper_zone(0.91),near_top"
DOGE/USDT,524,0.26831,0.125,25,TP4_HIT,0.6227580123493088,40,upper_zone(0.62)
DOGE/USDT,551,0.20713,0.125,22,TP4_HIT,0.6441335131490223,50,"upper_zone(0.64),rsi_bear"
DOGE/USDT,559,0.20005,0.125,14,TP4_HIT,0.604349291975725,50,"upper_zone(0.60),rsi_bear"
DOGE/USDT,566,0.20038,0.125,7,TP4_HIT,0.6397438178260098,50,"upper_zone(0.64),rsi_bear"
DOGE/USDT,633,0.14185,0.125,28,TP4_HIT,0.8936761640027795,90,"upper_zone(0.89),near_top,ema_bear,vol_spike"
DOGE/USDT,638,0.14639,0.125,22,TP4_HIT,0.7477143563133185,60,"upper_zone(0.75),ema_bear"
DOGE/USDT,644,0.14828,0.125,12,TP4_HIT,0.794415616506054,70,"upper_zone(0.79),ema_bear,vol_spike"
DOGE/USDT,676,0.11104,0.125,14,TP4_HIT,0.6505973590442257,60,"upper_zone(0.65),ema_bear"
DOGE/USDT,707,0.10015,0.08752496255616576,12,END_OF_DATA,0.7571669477234406,80,"upper_zone(0.76),near_top,ema_bear"
